-- Task 10 : Company Hierarchy Summary Report

-- Create Database 
CREATE DATABASE CompanyHierarchyDB;
USE CompanyHierarchyDB;

-- Step 2: Create all required tables

CREATE TABLE Company (
    company_code VARCHAR(10),
    founder VARCHAR(100)
);

CREATE TABLE Lead_Manager (
    lead_manager_code VARCHAR(10),
    company_code VARCHAR(10)
);

CREATE TABLE Senior_Manager (
    senior_manager_code VARCHAR(10),
    lead_manager_code VARCHAR(10),
    company_code VARCHAR(10)
);

CREATE TABLE Manager (
    manager_code VARCHAR(10),
    senior_manager_code VARCHAR(10),
    lead_manager_code VARCHAR(10),
    company_code VARCHAR(10)
);

CREATE TABLE Employee (
    employee_code VARCHAR(10),
    manager_code VARCHAR(10),
    senior_manager_code VARCHAR(10),
    lead_manager_code VARCHAR(10),
    company_code VARCHAR(10)
);

-- Step 3: Insert Sample Data

-- Company Table
INSERT INTO Company VALUES
('C1', 'Monika'),
('C2', 'Samantha');

-- Lead_Manager Table
INSERT INTO Lead_Manager VALUES
('LM1', 'C1'),
('LM2', 'C2');

-- Senior_Manager Table
INSERT INTO Senior_Manager VALUES
('SM1', 'LM1', 'C1'),
('SM2', 'LM1', 'C1'),
('SM3', 'LM2', 'C2');

-- Manager Table
INSERT INTO Manager VALUES
('M1', 'SM1', 'LM1', 'C1'),
('M2', 'SM3', 'LM2', 'C2'),
('M3', 'SM3', 'LM2', 'C2');

-- Employee Table
INSERT INTO Employee VALUES
('E1', 'M1', 'SM1', 'LM1', 'C1'),
('E2', 'M1', 'SM1', 'LM1', 'C1'),
('E3', 'M2', 'SM3', 'LM2', 'C2'),
('E4', 'M3', 'SM3', 'LM2', 'C2');


-- Step 4:  Generate the final report with counts of each role type per company

SELECT 
    c.company_code,
    c.founder,
    COUNT(DISTINCT lm.lead_manager_code) AS lead_managers,
    COUNT(DISTINCT sm.senior_manager_code) AS senior_managers,
    COUNT(DISTINCT m.manager_code) AS managers,
    COUNT(DISTINCT e.employee_code) AS employees
FROM Company c
-- Use LEFT JOIN to include companies even if they have no roles
LEFT JOIN Lead_Manager lm ON c.company_code = lm.company_code
LEFT JOIN Senior_Manager sm ON c.company_code = sm.company_code
LEFT JOIN Manager m ON c.company_code = m.company_code
LEFT JOIN Employee e ON c.company_code = e.company_code

-- Grouping by company to get aggregated counts
GROUP BY c.company_code, c.founder

ORDER BY c.company_code;
